query,label
is a code of ethics and code of conduct the same,Boolean
Do people 18+ have a right to privacy living under their parents roof?,Boolean
Are mobiles harmful for health?,Boolean
Are there any animals with more than one heart?,Boolean
Are there any black holes in the Milky Way galaxy?,Boolean
Can a nuclear explosion at Yellowstone National Park cause a global catastrophe?,Boolean
Can contact lenses be stored in water?,Boolean
Can height increase after 25 by any method except surgeries?,Boolean
Can I apply for E-2 visa while I applied for a green card?,Boolean
Can I do LLB after B.Tech?,Boolean
Can I drive on an Indian driver's license in the US?,Boolean
Can I flush cat litter in a common toilet? Why or why not?,Boolean
Can you live without brain stem?,Boolean
Can you spray paint on rubber?,Boolean
Can you watch normal movies on VR glasses?,Boolean
Did Ryan Gosling learn to play piano for La La Land?,Boolean
"Do Australians use the term ""sheila"" in normal conversation?",Boolean
Do black holes have a max capacity?,Boolean
Do gravitational waves affect the flow of time?,Boolean
Do I need to acquire some sort of license in order to cover a song?,Boolean
"Do parallel lines intersect at (infinity, infinity) in any field of math?",Boolean
Do you really need a micro sim adapter to put a nano sim card into a Samsung Galaxy S3?,Boolean
Does alcohol cause strokes?,Boolean
Does chronic hyperventilation cause brain damage?,Boolean
Does hair dye increase your risk of cancer?,Boolean
Does light affect sound level?,Boolean
Does meditation help against anxiety?,Boolean
Does my SSN appear on my US Passport?,Boolean
Is it possible to lose 25 pound in 1 month?,Boolean
Is it safe to buy a laptop-online from Infibeam?,Boolean
Is it safe to eat raw egg?,Boolean
Is it safe to use lemon to whiten teeth?,Boolean
Is it true that time stops inside a black hole?,Boolean
Is NATO a defensive organization?,Boolean
Is rain water safe to drink?,Boolean
Is ranch dressing bad for you?,Boolean
Is the Human brain smarter than computers?,Boolean
Is there a co-working space that is exclusively meant for fashion designers?,Boolean
Is video calling safe on Skype?,Boolean
Was Leonardo da Vinci a German?,Boolean
Will drinking Coke after food help in digestion?,Boolean
Do successful people drink alcohol?,Boolean
Does natural tobacco have nicotine?,Boolean
Does Ruby on Rails scale?,Boolean
Does alcohol increase blood pressure?,Boolean
did princess margaret marry,Boolean
do essential oils help anti aging,Boolean
is google chrome java enabled,Boolean
does flonase help pet allergies,Boolean
can you add text to a secure pdf,Boolean
was there a john stroud at the alamo,Boolean
is the apollo theater safe,Boolean
did johnny gosch visited his mother,Boolean
does gel powder manicure weaken nails,Boolean
does popping acne make it worse,Boolean
does tramadol cause itching,Boolean
is hydrangeas poisonous to horses,Boolean
is grandfather mountain in the pisgah forest,Boolean
can a root canal treat a cracked tooth,Boolean
can chewing gum prevent heartburn,Boolean
can diabetics drink soy milk,Boolean
can anxiety cause you to feel like you have to urinate,Boolean
are ice drinks healthy,Boolean
is hotel impossible cancelled?,Boolean
can a company re use debit card details without authorisation,Boolean
is indirect labor an overhead cost,Boolean
are expenses on balance sheet,Boolean
do radio waves travel at the speed of light,Boolean
did the french build the suez canal,Boolean
did the senate impeach clinton,Boolean
can progesterone prevent ovulation,Boolean
prince singer is he dead,Boolean
are there any physiological tests for depression?,Boolean
is epilepsy a neurological disorder,Boolean
is a gel mani safe,Boolean
can lemon juice help your complexion,Boolean
is land rover owner by bmw,Boolean
is climate change the cause of easter island,Boolean
is tip steak on the grill,Boolean
can toshiba tablets use sim cards,Boolean
can ikea compete in china,Boolean
can you deposit checks at atm,Boolean
can benzodiazepine be smoked,Boolean
can electric strike be fail safe?,Boolean
can i freeze goats cheese,Boolean
can sciatica cause numbness in calf of leg,Boolean
can coronary coronary heart disease cause headaches,Boolean
can a grandparent with a dependant minor get social security benefits for them?,Boolean
can you smoke around general anaesthetic,Boolean
can chicory root cause digestive issues,Boolean
can a puppy eat adult dog food,Boolean
can cats eat muesli,Boolean
can playstation disney infinity characters be used Xbox 360,Boolean
can farmhouse sinks with laminate countertops,Boolean
can you cook bacon and refrigerate it,Boolean
can palmer's cocoa butter skin therapy oil be used on face,Boolean
can you use a VA loan for a short sale,Boolean
can chemo change personalities drastically,Boolean
can you become a radiology with just training,Boolean
can you carry hair gel on a plane,Boolean
can you claim your wife as a dependent if she had no income,Boolean
can anyone go into engineering,Boolean
can ptsd cause memory loss,Boolean
can pakistani get us visa,Boolean
can you return a new car in virginia,Boolean
can a physician assistant can perform the same procedures as a nurse practitioner,Boolean
can dogs inhale albuterol,Boolean
can you tell the distance of a shot from the time it hits to the sound of the shot?,Boolean
can you zoom in on i4s photo,Boolean
can lung tumors be removed,Boolean
can you print off your laptop,Boolean
can you tape roofing tar paper edges,Boolean
can you instal cydia packages without jailbreaking,Boolean
can you trade stock warrants,Boolean
can the president send troops to an area without congressional approval?,Boolean
can you put peroxide on burns?,Boolean
can shingles cause swelling,Boolean
can you freeze pecan pies,Boolean
can someone develop lactose intolerance,Boolean
can you put engineered hardwood flooring over concrete,Boolean
can electrons be stored,Boolean
can you use 2 semicolons in one sentence,Boolean
can adults get hand foot and mouth,Boolean
can you add water to a battery,Boolean
is tocopherol toxic,Boolean
is a rectangle always a rhombus,Boolean
is salmon a protein,Boolean
is the wolsley a hotel,Boolean
is hocking college in ohio a technical school,Boolean
does trileptal cause steven johnson syndrome,Boolean
does depression qualify for fmla,Boolean
are orangutans endangered,Boolean
should my muscles get sore while running,Boolean
is unemployability a rated disability,Boolean
are ira administrative fees tax deductible,Boolean
do sponges drain water in minecraft,Boolean
are studies considered lab work,Boolean
do fingernails and hair grow at the same rate,Boolean
is muteness genetic,Boolean
is bacon a good fat,Boolean
is there medication for yeast in the intestines,Boolean
is a guarantee a bond,Boolean
has an independent ever been president,Boolean
is aruba expensive,Boolean
does marriage legitimize a child,Boolean
is curacao considered part of the kingdom of the netherlands,Boolean
does ridgid impact driver have the most torque?,Boolean
does cocoa contain caffeiene,Boolean
does meloxicam work for pain,Boolean
do you need a visa for singapore if you are a us citizen,Boolean
is engineered hardwood real wood?,Boolean
is tacoma washington humid all year,Boolean
does potassium sorbate stop primary fermentation,Boolean
do the people on storage wars get paid,Boolean
was bruno mars arrested,Boolean
has jesse eisenberg ever been on the big bang theory,Boolean
is granny weatherall a round character,Boolean
is adnan syed innocent,Boolean
is steel a solution,Boolean
is philosophy an easy class,Boolean
is rust in pipes harmful,Boolean
is there a song for girl named karen,Boolean
does menoquil work for post menopause,Boolean
will eating zero carbs cause blood sugar to be higher,Boolean
is butterfinger made of peanuts,Boolean
is georgia licensed for personal care,Boolean
do squirrels shed winter coats,Boolean
do macromolecules make up cells,Boolean
do cigarettes cause gas in stomach,Boolean
is twenty one pilots christian,Boolean
did donald trump think he was going to win,Boolean
is lipid soluble hydrophobic,Boolean
do people remarry after death,Boolean
is couple an adjective,Boolean
Does cucumbers help dark circles,Boolean
is the grand canyon safe,Boolean
is pasta made from wheat,Boolean
coffee cause depression,Boolean
do shelled peanuts expire,Boolean
is warframe for xbox 360,Boolean
does foot pain cause pain all over?,Boolean
do your eyes change color,Boolean
is cancer a genetic disorder,Boolean
are galapagos islands safe,Boolean
does hemorrhoids cause bleeding,Boolean
is be our guest quick service,Boolean
is it safe to do back to back ivf cycles,Boolean
does discovery rule apply to libel,Boolean
do the batteries in a travel have to be working for the elect./propane fridge to work,Boolean
is grams and kilograms the same,Boolean
is unemployment a leading indicator,Boolean
does alcohol contribute to psoriasis,Boolean
is phosphorus good to use on hydrangeas,Boolean
is a malt beverage a wine,Boolean
is parkinson's considered a disability,Boolean
is howard stern divorced,Boolean
does pertussis cause pneumonia,Boolean
is armed robbery always a felony?,Boolean
is down syndrome a dominant autosomal,Boolean
is neurontin a steroid,Boolean
is diabetes main cause of cataracts,Boolean
are planters warts caused by hpv,Boolean
do ultrasonic skin infusers work,Boolean
do soft paws work for rabbits,Boolean
are there any glaciers in the andes,Boolean
is iran islamist,Boolean
is zola coconut water healthy,Boolean
are sleeping tablets prescription,Boolean
does medicaid cover dental for children,Boolean
does seltzer water help with heartburn,Boolean
is slovenia communist,Boolean
is alopecia permanent,Boolean
airport code mont tremblant,Code
diagnosis code vitamin d deficiency,Code
dx code for menopausal syndrome,Code
compton area code phone number,Code
hsn code for automobiles parts in india,Code
icd 10 code for fracture of left hip trochanter,Code
icd 10 code for stroke unspecified,Code
icd code acute copd,Code
icd code cervical strain,Code
icd code early pregnancy,Code
icd code for acute respiratory failure,Code
icd code for endometrial cancer,Code
icd code for nasal congestion,Code
icd code for ostomy,Code
icd code for poisoning by unspecified drugs,Code
icd code for pth level,Code
icd code non healing surgical wound,Code
icd code thyroid lesion,Code
icd code weight loss,Code
ifsc code hdfc koramangala,Code
ifsc code of icici bank manyata tech park,Code
ifsc code of sbi kharkhoda,Code
international code of diseases,Code
medical code allergic dermatitis,Code
myanmar code number,Code
oxnard area code phone number,Code
swift code ojsc kyrgyskommertsbank,Code
telephone code for amsterdam,Code
what airport code for little cayman,Code
what area code is for el paso,Code
"what area code is geneseo, ny",Code
"what area code is in muskegon heights, mi?",Code
what area code is lizella ga.,Code
what area code is san diego,Code
what code is used for false positive,Code
what cpt code can i use for patient referrals,Code
what is airport code for blountville tn,Code
what is airport code for yuma az,Code
what is area code for burlington vt,Code
what is area code for jacksonville fl,Code
what is code tk,Code
what is country code for fiji,Code
what is cpt code for wound dressing,Code
what is diagnosis code ams,Code
what is hartford counties zip code in ct,Code
what is the zip code in arrowhead lakes,Code
icd code for influenza a,Code
ifsc code of sbi branch at link road cuttack,Code
which terminal heathrow united airlines,Code
"what is the zip code for fairdealing, mo?",Code
"what is the zip code for millersport, ohio",Code
what is san diego time zone,Code
utah area code,Code
what are the coordinates of malta,Code
in what year did the zip code system start,Date
when did the 21st century begin,Date
what year did honey come out movie,Date
when will black panther come out,Date
when did porter wagner die,Date
when was the amendments ratified,Date
what year did precious and few come out,Date
when did the sitcom. rhoda come out?,Date
what year was the foundation and manifesto of futurism published,Date
when is cesar chavez holiday,Date
when was footloose song,Date
what is the date of emancipation proclamation,Date
when is shameless coming back,Date
what year was the flu vaccine invented,Date
when were lobotomies first performed,Date
when was the gi bill enacted,Date
when did bundesliga begin,Date
when is park hyatt st kitts opening,Date
when was the city of antioch ca incorporated into a city,Date
when was the telephone answering machine first released,Date
when did the cosby show end?,Date
what year did the patriots go undefeated coach,Date
when does black lightning start,Date
when did jehovah witness begin,Date
when is the runoff election in georgia,Date
when was purple rain released,Date
when is val kilmer's birthday,Date
when did eddie george win the heisman,Date
when was dark matter first released,Date
what year was shakespeare born,Date
when was the song louie louie released,Date
when is madison keys next game,Date
when did netflix come out?,Date
when does la befana come,Date
most common birthday in october,Date
when was slavery abolished within the united kingdom,Date
when is customer appreciation day,Date
when was mission santa founded,Date
what is the patent expiration of firazyr,Date
what year was obama inaugurated,Date
when are the georgia elections,Date
when did president kennedy say we would land on the moon,Date
when was unitarian universalism created,Date
in what year was batman in the dc comics,Date
when was the little prince book published? its ago,Date
when is bosses day,Date
when does megabucks draw,Date
when does the next season of madam secretary begin,Date
what day is anzac day,Date
when did they build the alaska highway,Date
when was the equal rights act ratified,Date
when is the olive garden opening by city base,Date
when was xeyes created,Date
when is overwatch update summer games,Date
when was overwatch released,Date
when does the disaster artist come out on dvd,Date
when was texas founded as a state,Date
when was lady jane grey born,Date
when did the flintstones cartoon come out,Date
when was the film quality street made?,Date
when was stephen boyd boyd born,Date
when was us public health service founded?,Date
when did britain set up colonies in india,Date
when does quarry start on cinemax,Date
when did the legal age a drinking change,Date
when does hd report earnings,Date
when did iowa become a state,Date
lumia 950 release date usasdfasdfasdfasdfasdasdfasdfas,Date
when does mlb start?,Date
when was quote on statue of liberty added,Date
what day is the solar eclipse on and what time,Date
where did rebelution start,Date
when was islam founded,Date
when does basketball regular season end,Date
easy way to calculate square root,Formula
find the largest number in a range of numbers in excel,Formula
finding the percent difference between two prices,Formula
food accounting how to calculate prime cost,Formula
how calculate input vat for namibia,Formula
how calculate occupancy cost,Formula
how do you calculate direct margin,Formula
how do you calculate gpa,Formula
how do you calculate light years,Formula
how do you calculate r squared,Formula
how do you calculate the radius and diameter of a circle,Formula
how to calculate buffering capacity,Formula
how to calculate calories in carbohydrates,Formula
how to calculate conception date,Formula
how to calculate duration of time,Formula
how to calculate expected monetary,Formula
how to calculate exponential power in excel,Formula
how to calculate front end ratio,Formula
how to calculate goodwill acquisition,Formula
how to calculate growth of dividend,Formula
how to calculate how much water should you drink a day,Formula
how to calculate how much water you should drink,Formula
how to calculate inventory of days,Formula
how to calculate joules used to heat,Formula
how to calculate octagon sides,Formula
how to calculate pack year,Formula
how to calculate percentage of body fat,Formula
how to calculate self employment net earnings,Formula
how to calculate social security,Formula
how to calculate specific gravity of gas,Formula
how to calculate surface coverage,Formula
how to calculate the ic50 in excel,Formula
how to calculate va pension amount,Formula
how to calculate weighted average in excel,Formula
how to manually calculate cumulative gpa,Formula
if then formula excel,Formula
most probable speed formula for gases,Formula
schedule variance calculation pmp,Formula
shapely calculate distance,Formula
share price calculation formula,Formula
the natural rate of unemployment equals,Formula
tpn dextrose calculate calories,Formula
what formula in excel returns the number of the current business day,Formula
what is area code for los angeles,Formula
what is the chemical formula for oxygen tetrafluoride?,Formula
what is the empirical formula for phosphorus selenide,Formula
what is the mathematical formula for volume of a cylinder,Formula
what is the common formula for length width height,Formula
cagr calculation excel formula,Formula
formula for z statistic,Formula
cylinder area formula,Formula
age range for daisy girl scouts,Range
annual temperature range snowdonia,Range
average range of heart rate for adolescents,Range
blood test range for rheumatoid arthritis,Range
cea blood test normal range,Range
conure price range,Range
hilux price range,Range
kidney gfr normal range,Range
largest distribution range of an animal,Range
metoprolol succinate dose range,Range
news weather forecaster salary range,Range
normal aic range,Range
normal body temperature range for toddlers,Range
normal cat temperature range,Range
normal range for mchc blood test,Range
normal range of hdl,Range
normal range of ph in blood,Range
normal range of sugar in human body,Range
normal ranges for heart rate,Range
physical therapist salary highest range in georgia,Range
principal engineer salary range,Range
pulse normal range,Range
rubber temperature range,Range
salary range for a microbiologist,Range
salary range for research coordinator,Range
salary range for restaurant general manager in seattle,Range
salary range in qatar airways,Range
salary range it manager,Range
salary range of LPN in colorado,Range
teacher salary range payscale,Range
temperature range for laboratory freezer,Range
temperature range in sicily,Range
temperature range yellowstone year,Range
thyroid test levels normal range,Range
time interval after a wound to get a tetanus shot,Range
what hertz range can humans hear,Range
what is a normal cholesterol range,Range
what is a normal human temperature range,Range
what is a normal range (mg/dl) for blood glucose?,Range
what is a normal range (mg/dl) for blood glucose? nutrition,Range
what is hct normal range,Range
showa era,Range
what time period can the origin of mardi gras be traced to,Range
what time period was the renaissance in,Range
how long is mammoth season,Range
what is the range of int in java,Range
washoe county library hours of operation,Range
normal woman blood pressure range,Range
what age are included in generation z,Range
when the shoe fits hours,Range
what years was eleanor roosevelt the first lady,Range
when was fera created and ended,Range
what years was korean war,Range
what time period did dinosaurs first appear on earth,Range
conn what time zone,Time
dallas texas is what time zone,Time
at what time does costco open.,Time
at what time does prime day start,Time
at what time does the stock market open,Time
at what time does wells fargo bank open,Time
at what time of the day does evening begin,Time
at what time of the day the evening starts,Time
at what time was the bomb dropped on hiroshima,Time
at what time will the eclipse occur,Time
austin is what time zone,Time
austin tx what time zone,Time
brodhead ky is what time zone,Time
california time is what time zone,Time
cdt is what time zone vs cst,Time
chicago il is what time zone,Time
dollar tree what time does it open,Time
edt is what time pacific time,Time
georgia is in what time zone,Time
in california what time do they stop selling alcohol,Time
in what time zone in ky,Time
in what time zone is crestwood ky,Time
in what time zone is miami fl,Time
in what time zone is nashville tennessee,Time
maryland is what time zone,Time
memphis tn is in what time zone,Time
pacific what time zone,Time
pm eastern is what time central,Time
pocahontas arkansas is in what time zone,Time
rarotonga what time zone,Time
us is what time zone est,Time
what is what time is it in los angeles,Time
what time is it echo what time is it?,Time
what time is sunset orlando,Time
what time is the sunrise in miami florida,Time
what's the sunset time,Time
when is sunset here in corpus christi?,Time
when is the earliest sunrise and earliest sunset,Time
"current time sterling, IL",Time
what is the time for canada,Time
what time is in in ohio,Time
what time does sams pharmacy open,Time
